{
    "frutaria": [
      {
        "id": 1,
        "name": "Morango",
        "url": "https://www.proativaalimentos.com.br/image/cache/catalog/img_prod/oleo-essencia-morango-100ml-fruta-puro-essencia-massagem-D_NQ_NP_960102-MLB31202671230_062019-F[1]-1000x1000.jpg",
        "price": 10
      },
      {
        "id": 2,
        "name": "Laranja",
        "url": "https://supernossoio.vtexassets.com/arquivos/ids/163673/Laranja-Bahia-Kg.jpg?v=637776840789600000",
        "price": 20
      },
      {
        "id": 3,
        "name": "Banana",
        "url": "https://frutasbrasilsul.com.br/wp-content/uploads/banana-nanica.png",
        "price": 30
      }
    ]
  }
  